ID,PRE_POST2010,Arrest_Year,ARREST_DATE,PD_CD,PD_DESC,KY_CD,OFNS_DESC,LAW_CODE,LAW_CAT_CD,ARREST_BORO,ARREST_PRECINCT,AGE_GROUP,PERP_SEX,PERP_RACE,Lat,Long,Lon_Lat
1,PRE,2006,1-Jan-06,113,"MENACING,UNCLASSIFIED",344,ASSAULT 3 & RELATED OFFENSES,PL 120150H,M,S,120,18-24,M,WHITE,40.64173826,-74.07567804,POINT (-74.07567803700002 40.641738260000075)
2,PRE,2006,6-Jan-06,205,"TRESPASS 2, CRIMINAL",352,CRIMINAL TRESPASS,PL 140100H,M,S,120,25-44,M,BLACK,40.62314011,-74.08284714,POINT (-74.08284714199993 40.623140111000055)
3,PRE,2006,7-Jan-06,205,"TRESPASS 2, CRIMINAL",352,CRIMINAL TRESPASS,PL 140100H,M,S,120,25-44,M,WHITE,40.62980479,-74.16038472,POINT (-74.160384724 40.62980479200007)
4,PRE,2006,24-Jan-06,117,RECKLESS ENDANGERMENT 1,126,MISCELLANEOUS PENAL LAW,PL 120200H,F,S,123,18-24,M,WHITE,40.54331052,-74.16423208,POINT (-74.16423207799994 40.54331052300005)
5,PRE,2006,24-Jan-06,117,RECKLESS ENDANGERMENT 1,126,MISCELLANEOUS PENAL LAW,PL 120200H,F,S,123,18-24,M,WHITE,40.54331052,-74.16423208,POINT (-74.16423207799994 40.54331052300005)
6,PRE,2006,27-Jan-06,205,"TRESPASS 2, CRIMINAL",352,CRIMINAL TRESPASS,PL 140100H,M,S,120,25-44,M,WHITE HISPANIC,40.61549122,-74.08165623,POINT (-74.08165622999996 40.61549122300004)
7,PRE,2006,27-Jan-06,205,"TRESPASS 2, CRIMINAL",352,CRIMINAL TRESPASS,PL 140100H,M,S,120,25-44,F,WHITE HISPANIC,40.61549122,-74.08165623,POINT (-74.08165622999996 40.61549122300004)
8,PRE,2006,3-Feb-06,205,"TRESPASS 2, CRIMINAL",352,CRIMINAL TRESPASS,PL 140100H,M,S,120,25-44,M,WHITE HISPANIC,40.62855177,-74.07647007,POINT (-74.07647006499998 40.62855177000005)
9,PRE,2006,6-Feb-06,204,"TRESPASS 1,CRIMINAL",126,MISCELLANEOUS PENAL LAW,PL 140150H,F,S,120,25-44,F,WHITE,40.62179547,-74.08242401,POINT (-74.08242401199995 40.62179546700002)
10,PRE,2006,6-Feb-06,204,"TRESPASS 1,CRIMINAL",126,MISCELLANEOUS PENAL LAW,PL 140150H,F,S,120,25-44,F,WHITE,40.62179547,-74.08242401,POINT (-74.08242401199995 40.62179546700002)
11,PRE,2006,8-Feb-06,205,"TRESPASS 2, CRIMINAL",352,CRIMINAL TRESPASS,PL 14010AH,M,S,122,18-24,M,WHITE,40.58788288,-74.10944996,POINT (-74.10944996199999 40.58788288300008)
12,PRE,2006,20-Feb-06,639,AGGRAVATED HARASSMENT 2,361,OFF. AGNST PUB ORD SENSBLTY & RGHTS TO PRIV,PL 24030BH,F,S,122,25-44,M,WHITE HISPANIC,40.57414013,-74.10600777,POINT (-74.10600776499997 40.57414012800007)
13,PRE,2006,3-Mar-06,205,"TRESPASS 2, CRIMINAL",352,CRIMINAL TRESPASS,PL 140100H,M,S,120,45-64,M,BLACK,40.62478874,-74.14263448,POINT (-74.14263448199995 40.624788740000035)
14,PRE,2006,12-Mar-06,639,AGGRAVATED HARASSMENT 2,361,OFF. AGNST PUB ORD SENSBLTY & RGHTS TO PRIV,PL 24030AH,F,S,120,25-44,M,BLACK,40.64502275,-74.07721685,POINT (-74.077216847 40.645022746000045)
15,PRE,2006,14-Apr-06,205,"TRESPASS 2, CRIMINAL",352,CRIMINAL TRESPASS,PL 140100H,M,S,120,18-24,M,WHITE HISPANIC,40.63824058,-74.11615149,POINT (-74.11615148699997 40.63824057800008)
16,PRE,2006,18-Apr-06,205,"TRESPASS 2, CRIMINAL",352,CRIMINAL TRESPASS,PL 140100H,M,S,120,45-64,M,WHITE HISPANIC,40.62703879,-74.13870174,POINT (-74.13870174299996 40.627038794000036)
17,PRE,2006,20-Apr-06,205,"TRESPASS 2, CRIMINAL",352,CRIMINAL TRESPASS,PL 140100H,M,S,120,25-44,F,BLACK,40.64090351,-74.11566608,POINT (-74.11566607999998 40.64090351200008)
18,PRE,2006,25-Apr-06,205,"TRESPASS 2, CRIMINAL",352,CRIMINAL TRESPASS,PL 14010BH,M,S,120,45-64,M,BLACK,40.63193864,-74.16347023,POINT (-74.16347023099998 40.63193864000005)
19,PRE,2006,1-May-06,113,"MENACING,UNCLASSIFIED",344,ASSAULT 3 & RELATED OFFENSES,PL 120150H,M,S,120,25-44,M,BLACK,40.63866559,-74.14329469,POINT (-74.14329469399996 40.63866559100006)
20,PRE,2006,9-May-06,244,"BURGLARY,UNCLASSIFIED,UNKNOWN TIME",107,BURGLARY,PL 140200H,F,S,120,18-24,F,WHITE HISPANIC,40.64502275,-74.07721685,POINT (-74.077216847 40.645022746000045)
21,PRE,2006,9-May-06,244,"BURGLARY,UNCLASSIFIED,UNKNOWN TIME",107,BURGLARY,PL 140200H,F,S,120,18-24,F,WHITE HISPANIC,40.64502275,-74.07721685,POINT (-74.077216847 40.645022746000045)
22,PRE,2006,17-May-06,112,MENACING 1ST DEGREE (VICT NOT PEACE OFFICER),126,MISCELLANEOUS PENAL LAW,PL 120141H,F,S,122,18-24,M,WHITE,40.57414013,-74.10600777,POINT (-74.10600776499997 40.57414012800007)
23,PRE,2006,19-May-06,205,"TRESPASS 2, CRIMINAL",352,CRIMINAL TRESPASS,PL 140100H,M,S,122,18-24,M,BLACK,40.59478615,-74.12547032,POINT (-74.12547031599996 40.594786154000076)
24,PRE,2006,30-May-06,112,MENACING 1ST DEGREE (VICT NOT PEACE OFFICER),126,MISCELLANEOUS PENAL LAW,PL 120143H,F,S,120,18-24,M,WHITE HISPANIC,40.63348677,-74.16342719,POINT (-74.163427185 40.633486765000036)
25,PRE,2006,7-Jun-06,205,"TRESPASS 2, CRIMINAL",352,CRIMINAL TRESPASS,PL 140100H,M,S,120,25-44,M,WHITE,40.62179547,-74.08242401,POINT (-74.08242401199995 40.62179546700002)
26,PRE,2006,7-Jun-06,205,"TRESPASS 2, CRIMINAL",352,CRIMINAL TRESPASS,PL 140100H,M,S,120,18-24,M,BLACK,40.64712835,-74.08818142,POINT (-74.08818142299998 40.647128347000034)
27,PRE,2006,15-Jun-06,109,"ASSAULT 2,1,UNCLASSIFIED",106,FELONY ASSAULT,PL 120001H,F,S,120,25-44,M,BLACK,40.61819576,-74.07633213,POINT (-74.076332129 40.61819576000005)
28,PRE,2006,20-Jun-06,109,"ASSAULT 2,1,UNCLASSIFIED",106,FELONY ASSAULT,PL 120001H,F,S,120,18-24,M,BLACK,40.63968673,-74.07744128,POINT (-74.07744127599993 40.63968673000006)
29,PRE,2006,5-Jul-06,269,"MISCHIEF,CRIMINAL,    UNCL 2ND DEG 3RD DEG",121,CRIMINAL MISCHIEF & RELATED OFFENSES,PL 145050H,F,S,122,<18,M,WHITE,40.58089893,-74.0920036,POINT (-74.09200360199996 40.58089892800007)
30,PRE,2006,21-Jul-06,397,"ROBBERY,UNCLASSIFIED,OPEN AREAS",105,ROBBERY,PL 160101H,F,S,123,<18,M,WHITE HISPANIC,40.53192628,-74.19174573,POINT (-74.19174572999998 40.53192627800007)
31,PRE,2006,14-Aug-06,205,"TRESPASS 2, CRIMINAL",352,CRIMINAL TRESPASS,PL 14010AH,M,S,122,<18,M,WHITE,40.56177243,-74.1247281,POINT (-74.12472810099996 40.56177243100007)
32,PRE,2006,16-Aug-06,112,MENACING 1ST DEGREE (VICT NOT PEACE OFFICER),126,MISCELLANEOUS PENAL LAW,PL 120141H,F,S,122,25-44,M,WHITE,40.5736662,-74.09557528,POINT (-74.09557527499999 40.57366619500005)
33,PRE,2006,30-Aug-06,109,"ASSAULT 2,1,UNCLASSIFIED",106,FELONY ASSAULT,PL 120001H,F,S,120,25-44,F,BLACK,40.63348677,-74.16342719,POINT (-74.163427185 40.633486765000036)
34,PRE,2006,10-Oct-06,109,"ASSAULT 2,1,UNCLASSIFIED",106,FELONY ASSAULT,PL 120051H,F,S,120,18-24,M,BLACK,40.62466366,-74.08258966,POINT (-74.08258966199999 40.624663656000045)
35,PRE,2006,3-Nov-06,439,"LARCENY,GRAND FROM OPEN AREAS,UNCLASSIFIED",109,GRAND LARCENY,PL 155250H,F,S,122,18-24,F,WHITE HISPANIC,40.58262179,-74.16225148,POINT (-74.16225147999995 40.582621790000076)
36,PRE,2006,4-Dec-06,205,"TRESPASS 2, CRIMINAL",352,CRIMINAL TRESPASS,PL 140100H,M,S,120,18-24,M,WHITE HISPANIC,40.63799285,-74.07795816,POINT (-74.07795815699996 40.63799284700008)
37,PRE,2006,11-Dec-06,269,"MISCHIEF,CRIMINAL,    UNCL 2ND DEG 3RD DEG",121,CRIMINAL MISCHIEF & RELATED OFFENSES,PL 145050H,F,S,120,18-24,M,WHITE,40.62895853,-74.0797273,POINT (-74.07972729599999 40.62895853100008)
38,PRE,2007,1-Jan-07,269,"MISCHIEF,CRIMINAL,    UNCL 2ND DEG 3RD DEG",121,CRIMINAL MISCHIEF & RELATED OFFENSES,PL 145001H,F,S,123,25-44,M,WHITE,40.5149781,-74.23673947,POINT (-74.23673946499997 40.51497810200004)
39,PRE,2007,11-Jan-07,269,"MISCHIEF,CRIMINAL,    UNCL 2ND DEG 3RD DEG",121,CRIMINAL MISCHIEF & RELATED OFFENSES,PL 145001H,F,S,123,18-24,M,WHITE HISPANIC,40.51530418,-74.24485433,POINT (-74.24485432999997 40.51530418100003)
40,PRE,2007,27-Jan-07,639,AGGRAVATED HARASSMENT 2,361,OFF. AGNST PUB ORD SENSBLTY & RGHTS TO PRIV,PL 24030AH,F,S,123,45-64,F,WHITE,40.50807538,-74.24563339,POINT (-74.24563338599995 40.508075381000026)
41,PRE,2007,20-Feb-07,205,"TRESPASS 2, CRIMINAL",352,CRIMINAL TRESPASS,PL 14010AH,M,S,122,<18,M,WHITE,40.57841174,-74.08162889,POINT (-74.08162889499994 40.57841174100003)
42,PRE,2007,20-Feb-07,397,"ROBBERY,UNCLASSIFIED,OPEN AREAS",105,ROBBERY,PL 160050H,F,S,120,18-24,M,BLACK,40.63457522,-74.11720076,POINT (-74.11720076299997 40.634575218000066)
43,PRE,2007,21-Feb-07,439,"LARCENY,GRAND FROM OPEN AREAS,UNCLASSIFIED",109,GRAND LARCENY,PL 155250H,F,S,122,18-24,M,WHITE,40.57817568,-74.16952684,POINT (-74.16952683799997 40.57817567600006)
44,PRE,2007,21-Feb-07,439,"LARCENY,GRAND FROM OPEN AREAS,UNCLASSIFIED",109,GRAND LARCENY,PL 155250H,F,S,122,<18,M,WHITE HISPANIC,40.57817568,-74.16952684,POINT (-74.16952683799997 40.57817567600006)
45,PRE,2007,21-Feb-07,439,"LARCENY,GRAND FROM OPEN AREAS,UNCLASSIFIED",109,GRAND LARCENY,PL 155250H,F,S,122,<18,M,WHITE HISPANIC,40.58262179,-74.16225148,POINT (-74.16225147999995 40.582621790000076)
46,PRE,2007,22-Feb-07,205,"TRESPASS 2, CRIMINAL",352,CRIMINAL TRESPASS,PL 14010FH,M,S,120,18-24,M,BLACK,40.63441147,-74.1189623,POINT (-74.11896229899996 40.634411467000064)
47,PRE,2007,22-Feb-07,439,"LARCENY,GRAND FROM OPEN AREAS,UNCLASSIFIED",109,GRAND LARCENY,PL 155250H,F,S,120,45-64,M,BLACK,40.63162888,-74.07616736,POINT (-74.07616735699997 40.63162888100004)
48,PRE,2007,23-Feb-07,117,RECKLESS ENDANGERMENT 1,126,MISCELLANEOUS PENAL LAW,PL 120200H,F,S,123,45-64,M,WHITE,40.56227457,-74.173485,POINT (-74.17348500399999 40.56227456700003)
49,PRE,2007,23-Feb-07,117,RECKLESS ENDANGERMENT 1,126,MISCELLANEOUS PENAL LAW,PL 120200H,F,S,123,45-64,M,WHITE,40.56227457,-74.173485,POINT (-74.17348500399999 40.56227456700003)
50,PRE,2007,14-Mar-07,205,"TRESPASS 2, CRIMINAL",352,CRIMINAL TRESPASS,PL 14010AH,M,S,122,<18,M,WHITE,40.56740182,-74.1171117,POINT (-74.11711170099994 40.567401820000036)
51,PRE,2007,31-Mar-07,439,"LARCENY,GRAND FROM OPEN AREAS,UNCLASSIFIED",109,GRAND LARCENY,PL 155250H,F,S,120,25-44,M,WHITE,40.63087219,-74.1032049,POINT (-74.10320489899993 40.63087218600003)
52,PRE,2007,7-Apr-07,205,"TRESPASS 2, CRIMINAL",352,CRIMINAL TRESPASS,PL 14010BH,M,S,122,18-24,M,WHITE,40.59035034,-74.06662567,POINT (-74.06662566999995 40.59035033500004)
53,PRE,2007,11-Apr-07,439,"LARCENY,GRAND FROM OPEN AREAS,UNCLASSIFIED",109,GRAND LARCENY,PL 155250H,F,S,120,18-24,M,WHITE HISPANIC,40.62442719,-74.13977703,POINT (-74.139777027 40.62442719300003)
54,PRE,2007,19-Apr-07,205,"TRESPASS 2, CRIMINAL",352,CRIMINAL TRESPASS,PL 14010BH,M,S,122,<18,F,WHITE HISPANIC,40.57287551,-74.0924389,POINT (-74.09243889999993 40.57287551300004)
55,PRE,2007,1-May-07,639,AGGRAVATED HARASSMENT 2,361,OFF. AGNST PUB ORD SENSBLTY & RGHTS TO PRIV,PL 24030AH,F,S,123,18-24,M,WHITE,40.55524097,-74.17974278,POINT (-74.17974277899998 40.555240965000046)
56,PRE,2007,1-Jun-07,205,"TRESPASS 2, CRIMINAL",352,CRIMINAL TRESPASS,PL 14010AH,M,S,120,45-64,M,BLACK,40.62384889,-74.08197986,POINT (-74.08197985899994 40.62384888900005)
57,PRE,2007,18-Jun-07,269,"MISCHIEF,CRIMINAL,    UNCL 2ND DEG 3RD DEG",121,CRIMINAL MISCHIEF & RELATED OFFENSES,PL 145003H,F,S,120,25-44,F,BLACK,40.638654,-74.08612364,POINT (-74.08612364199998 40.638654004000045)
58,PRE,2007,28-Jun-07,639,AGGRAVATED HARASSMENT 2,361,OFF. AGNST PUB ORD SENSBLTY & RGHTS TO PRIV,PL 24030AH,F,S,120,<18,F,BLACK,40.64502275,-74.07721685,POINT (-74.077216847 40.645022746000045)
59,PRE,2007,28-Jun-07,639,AGGRAVATED HARASSMENT 2,361,OFF. AGNST PUB ORD SENSBLTY & RGHTS TO PRIV,PL 24030AH,F,S,120,<18,F,BLACK,40.64502275,-74.07721685,POINT (-74.077216847 40.645022746000045)
60,PRE,2007,28-Jun-07,640,AGGRAVATED HARASSMENT 1,126,MISCELLANEOUS PENAL LAW,PL 240301H,F,S,120,<18,F,BLACK,40.64502275,-74.07721685,POINT (-74.077216847 40.645022746000045)
61,PRE,2007,11-Jul-07,639,AGGRAVATED HARASSMENT 2,361,OFF. AGNST PUB ORD SENSBLTY & RGHTS TO PRIV,PL 24030AH,F,S,120,<18,F,BLACK,40.62559904,-74.08340137,POINT (-74.08340136699996 40.625599044000076)
62,PRE,2007,2-Aug-07,205,"TRESPASS 2, CRIMINAL",352,CRIMINAL TRESPASS,PL 14010BH,M,S,123,18-24,M,BLACK,40.5275951,-74.19165776,POINT (-74.19165776499993 40.52759509800006)
63,PRE,2007,9-Aug-07,439,"LARCENY,GRAND FROM OPEN AREAS,UNCLASSIFIED",109,GRAND LARCENY,PL 155250H,F,S,122,25-44,M,WHITE HISPANIC,40.59224699,-74.16089582,POINT (-74.16089582199999 40.592246986000085)
64,PRE,2007,9-Aug-07,439,"LARCENY,GRAND FROM OPEN AREAS,UNCLASSIFIED",109,GRAND LARCENY,PL 155307H,F,S,122,25-44,M,WHITE HISPANIC,40.59224699,-74.16089582,POINT (-74.16089582199999 40.592246986000085)
65,PRE,2007,9-Aug-07,439,"LARCENY,GRAND FROM OPEN AREAS,UNCLASSIFIED",109,GRAND LARCENY,PL 155250H,F,S,122,18-24,M,WHITE HISPANIC,40.59224699,-74.16089582,POINT (-74.16089582199999 40.592246986000085)
66,PRE,2007,9-Aug-07,439,"LARCENY,GRAND FROM OPEN AREAS,UNCLASSIFIED",109,GRAND LARCENY,PL 155302H,F,S,122,18-24,M,WHITE HISPANIC,40.59224699,-74.16089582,POINT (-74.16089582199999 40.592246986000085)
67,PRE,2007,15-Aug-07,205,"TRESPASS 2, CRIMINAL",352,CRIMINAL TRESPASS,PL 14010AH,M,S,120,45-64,M,WHITE,40.62919123,-74.07658608,POINT (-74.07658608199995 40.62919122900007)
68,PRE,2007,22-Aug-07,439,"LARCENY,GRAND FROM OPEN AREAS,UNCLASSIFIED",109,GRAND LARCENY,PL 155308H,F,S,122,45-64,M,WHITE,40.61195121,-74.1594342,POINT (-74.15943420199994 40.61195121100008)
69,PRE,2007,12-Sep-07,639,AGGRAVATED HARASSMENT 2,361,OFF. AGNST PUB ORD SENSBLTY & RGHTS TO PRIV,PL 24030AH,F,S,123,<18,F,BLACK,40.51158634,-74.24930373,POINT (-74.24930372699998 40.51158633800003)
70,PRE,2007,12-Sep-07,639,AGGRAVATED HARASSMENT 2,361,OFF. AGNST PUB ORD SENSBLTY & RGHTS TO PRIV,PL 24030AH,F,S,123,<18,F,BLACK,40.51158634,-74.24930373,POINT (-74.24930372699998 40.51158633800003)
71,PRE,2007,25-Sep-07,109,"ASSAULT 2,1,UNCLASSIFIED",106,FELONY ASSAULT,PL 120001H,F,S,122,<18,M,WHITE,40.57414013,-74.10600777,POINT (-74.10600776499997 40.57414012800007)
72,PRE,2007,25-Sep-07,109,"ASSAULT 2,1,UNCLASSIFIED",106,FELONY ASSAULT,PL 120001H,F,S,122,<18,M,WHITE,40.57414013,-74.10600777,POINT (-74.10600776499997 40.57414012800007)
73,PRE,2007,25-Sep-07,109,"ASSAULT 2,1,UNCLASSIFIED",106,FELONY ASSAULT,PL 120001H,F,S,122,<18,M,WHITE,40.57414013,-74.10600777,POINT (-74.10600776499997 40.57414012800007)
74,PRE,2007,25-Sep-07,439,"LARCENY,GRAND FROM OPEN AREAS,UNCLASSIFIED",109,GRAND LARCENY,PL 155250H,F,S,120,45-64,F,WHITE HISPANIC,40.61372403,-74.08482005,POINT (-74.08482004499997 40.613724029000025)
75,PRE,2007,27-Sep-07,379,"ROBBERY,GAS STATION",105,ROBBERY,PL 160152H,F,S,120,<18,M,BLACK,40.64472622,-74.08132806,POINT (-74.08132805899999 40.644726221000035)
76,PRE,2007,18-Oct-07,109,"ASSAULT 2,1,UNCLASSIFIED",106,FELONY ASSAULT,PL 120051H,F,S,122,18-24,M,WHITE,40.57414013,-74.10600777,POINT (-74.10600776499997 40.57414012800007)
77,PRE,2007,18-Oct-07,109,"ASSAULT 2,1,UNCLASSIFIED",106,FELONY ASSAULT,PL 120051H,F,S,122,18-24,M,WHITE,40.57414013,-74.10600777,POINT (-74.10600776499997 40.57414012800007)
78,PRE,2007,4-Nov-07,269,"MISCHIEF,CRIMINAL,    UNCL 2ND DEG 3RD DEG",121,CRIMINAL MISCHIEF & RELATED OFFENSES,PL 145050H,F,S,122,25-44,M,WHITE,40.61017143,-74.16981698,POINT (-74.16981698299998 40.61017143400005)
79,PRE,2007,6-Nov-07,639,AGGRAVATED HARASSMENT 2,361,OFF. AGNST PUB ORD SENSBLTY & RGHTS TO PRIV,PL 24030AH,F,S,120,<18,M,WHITE,40.64502275,-74.07721685,POINT (-74.077216847 40.645022746000045)
80,PRE,2007,21-Nov-07,439,"LARCENY,GRAND FROM OPEN AREAS,UNCLASSIFIED",109,GRAND LARCENY,PL 155250H,F,S,120,18-24,F,BLACK,40.62617966,-74.1340888,POINT (-74.13408879799994 40.62617965800007)
81,PRE,2007,6-Dec-07,205,"TRESPASS 2, CRIMINAL",352,CRIMINAL TRESPASS,PL 14010DH,M,S,122,<18,M,BLACK,40.56961194,-74.10815663,POINT (-74.10815662899995 40.56961193700005)
82,PRE,2007,7-Dec-07,204,"TRESPASS 1,CRIMINAL",126,MISCELLANEOUS PENAL LAW,PL 140150H,F,S,120,18-24,M,BLACK,40.63637,-74.11750657,POINT (-74.11750657 40.636369999000074)
83,PRE,2007,7-Dec-07,204,"TRESPASS 1,CRIMINAL",126,MISCELLANEOUS PENAL LAW,PL 140150H,F,S,120,18-24,M,BLACK,40.63637,-74.11750657,POINT (-74.11750657 40.636369999000074)
84,PRE,2008,4-Feb-08,109,"ASSAULT 2,1,UNCLASSIFIED",106,FELONY ASSAULT,PL 120001H,F,S,120,18-24,F,BLACK,40.63279801,-74.16521971,POINT (-74.16521970799994 40.63279800500004)
85,PRE,2008,22-Jul-08,244,"BURGLARY,UNCLASSIFIED,UNKNOWN TIME",107,BURGLARY,PL 140200H,F,S,120,<18,M,WHITE HISPANIC,40.64502275,-74.07721685,POINT (-74.077216847 40.645022746000045)
86,PRE,2008,23-Jul-08,109,"ASSAULT 2,1,UNCLASSIFIED",106,FELONY ASSAULT,PL 120053H,F,S,120,<18,M,WHITE HISPANIC,40.6173192,-74.08174131,POINT (-74.08174131099996 40.61731919600005)
87,PRE,2008,30-Jul-08,109,"ASSAULT 2,1,UNCLASSIFIED",106,FELONY ASSAULT,PL 120051H,F,S,120,<18,M,BLACK,40.63574833,-74.12144714,POINT (-74.12144713799995 40.635748327000044)
88,PRE,2008,30-Jul-08,640,AGGRAVATED HARASSMENT 1,126,MISCELLANEOUS PENAL LAW,PL 240301H,F,S,120,<18,M,BLACK,40.63574833,-74.12144714,POINT (-74.12144713799995 40.635748327000044)
89,PRE,2008,18-Aug-08,639,AGGRAVATED HARASSMENT 2,361,OFF. AGNST PUB ORD SENSBLTY & RGHTS TO PRIV,PL 24030AH,F,S,120,18-24,M,BLACK,40.64402415,-74.07646257,POINT (-74.07646257399993 40.64402414800003)
90,PRE,2008,24-Aug-08,265,"MISCHIEF 1,CRIMINAL,EXPLOSIVE",121,CRIMINAL MISCHIEF & RELATED OFFENSES,PL 145120H,F,S,120,18-24,M,WHITE,40.63098248,-74.14364928,POINT (-74.14364927899999 40.63098247700003)
91,PRE,2008,12-Sep-08,117,RECKLESS ENDANGERMENT 1,126,MISCELLANEOUS PENAL LAW,PL 120250H,F,S,120,25-44,M,BLACK,40.64075492,-74.07674709,POINT (-74.07674708799993 40.64075491800003)
92,PRE,2008,12-Sep-08,117,RECKLESS ENDANGERMENT 1,126,MISCELLANEOUS PENAL LAW,PL 120250H,F,S,120,25-44,M,BLACK,40.64075492,-74.07674709,POINT (-74.07674708799993 40.64075491800003)
93,PRE,2008,4-Oct-08,109,"ASSAULT 2,1,UNCLASSIFIED",106,FELONY ASSAULT,PL 120053H,F,S,120,25-44,M,BLACK,40.63348677,-74.16342719,POINT (-74.163427185 40.633486765000036)
94,PRE,2008,22-Oct-08,109,"ASSAULT 2,1,UNCLASSIFIED",106,FELONY ASSAULT,PL 120053H,F,S,120,18-24,M,WHITE HISPANIC,40.63144936,-74.15808652,POINT (-74.15808651699997 40.63144936100009)
95,PRE,2008,14-Nov-08,109,"ASSAULT 2,1,UNCLASSIFIED",106,FELONY ASSAULT,PL 120052H,F,S,122,18-24,M,WHITE,40.57414013,-74.10600777,POINT (-74.10600776499997 40.57414012800007)
96,PRE,2008,15-Nov-08,109,"ASSAULT 2,1,UNCLASSIFIED",106,FELONY ASSAULT,PL 120052H,F,S,122,18-24,M,WHITE,40.57414013,-74.10600777,POINT (-74.10600776499997 40.57414012800007)
97,PRE,2008,16-Nov-08,204,"TRESPASS 1,CRIMINAL",126,MISCELLANEOUS PENAL LAW,PL 140150H,F,S,123,25-44,M,WHITE,40.52370655,-74.20078647,POINT (-74.20078646599995 40.52370654900005)
98,PRE,2008,16-Nov-08,204,"TRESPASS 1,CRIMINAL",126,MISCELLANEOUS PENAL LAW,PL 140150H,F,S,123,25-44,M,WHITE,40.52370655,-74.20078647,POINT (-74.20078646599995 40.52370654900005)
99,PRE,2008,23-Nov-08,263,"ARSON 2,3,4",114,ARSON,PL 150150H,F,S,120,18-24,M,WHITE HISPANIC,40.64502275,-74.07721685,POINT (-74.077216847 40.645022746000045)
100,PRE,2008,25-Nov-08,639,AGGRAVATED HARASSMENT 2,361,OFF. AGNST PUB ORD SENSBLTY & RGHTS TO PRIV,PL 240250H,M,S,120,<18,M,WHITE HISPANIC,40.64472622,-74.08132806,POINT (-74.08132805899999 40.644726221000035)
101,PRE,2008,27-Dec-08,112,MENACING 1ST DEGREE (VICT NOT PEACE OFFICER),126,MISCELLANEOUS PENAL LAW,PL 120143H,F,S,122,18-24,M,WHITE,40.54745222,-74.15653846,POINT (-74.15653845699995 40.54745221700006)
102,PRE,2009,27-Jan-09,109,"ASSAULT 2,1,UNCLASSIFIED",106,FELONY ASSAULT,PL 120053H,F,S,122,18-24,M,BLACK,40.57336276,-74.11517116,POINT (-74.11517116 40.57336276000007)
103,PRE,2009,3-Mar-09,109,"ASSAULT 2,1,UNCLASSIFIED",106,FELONY ASSAULT,PL 120001H,F,S,122,25-44,M,WHITE,40.61963013,-74.16787069,POINT (-74.16787068999997 40.61963012500007)
104,PRE,2009,20-Mar-09,205,"TRESPASS 2, CRIMINAL",352,CRIMINAL TRESPASS,PL 14010EH,M,S,120,45-64,M,WHITE HISPANIC,40.63193864,-74.16347023,POINT (-74.16347023099998 40.63193864000005)
105,PRE,2009,21-Mar-09,117,RECKLESS ENDANGERMENT 1,126,MISCELLANEOUS PENAL LAW,PL 120250H,F,S,120,25-44,M,BLACK,40.64502275,-74.07721685,POINT (-74.077216847 40.645022746000045)
106,PRE,2009,21-Mar-09,117,RECKLESS ENDANGERMENT 1,126,MISCELLANEOUS PENAL LAW,PL 120250H,F,S,120,25-44,M,BLACK,40.64502275,-74.07721685,POINT (-74.077216847 40.645022746000045)
107,PRE,2009,4-May-09,397,"ROBBERY,UNCLASSIFIED,OPEN AREAS",105,ROBBERY,PL 160101H,F,S,120,18-24,M,WHITE,40.64270648,-74.0767169,POINT (-74.07671690299999 40.64270648100006)
108,PRE,2009,6-May-09,397,"ROBBERY,UNCLASSIFIED,OPEN AREAS",105,ROBBERY,PL 160101H,F,S,120,18-24,M,WHITE,40.64270648,-74.0767169,POINT (-74.07671690299999 40.64270648100006)
109,PRE,2009,23-May-09,117,RECKLESS ENDANGERMENT 1,126,MISCELLANEOUS PENAL LAW,PL 120200H,F,S,120,25-44,M,WHITE,40.62244354,-74.15000691,POINT (-74.15000691399997 40.62244353700004)
110,PRE,2009,23-May-09,117,RECKLESS ENDANGERMENT 1,126,MISCELLANEOUS PENAL LAW,PL 120200H,F,S,120,25-44,M,WHITE,40.62244354,-74.15000691,POINT (-74.15000691399997 40.62244353700004)
111,PRE,2009,1-Jul-09,439,"LARCENY,GRAND FROM OPEN AREAS,UNCLASSIFIED",109,GRAND LARCENY,PL 155250H,F,S,120,18-24,F,BLACK,40.62685806,-74.16344338,POINT (-74.16344337699996 40.62685806400003)
112,PRE,2009,15-Sep-09,397,"ROBBERY,UNCLASSIFIED,OPEN AREAS",105,ROBBERY,PL 160050H,F,S,123,45-64,F,WHITE,40.54402853,-74.16502541,POINT (-74.16502541299997 40.54402852700008)
113,PRE,2009,18-Sep-09,640,AGGRAVATED HARASSMENT 1,126,MISCELLANEOUS PENAL LAW,PL 240301H,F,S,122,<18,F,BLACK,40.57414013,-74.10600777,POINT (-74.10600776499997 40.57414012800007)
114,PRE,2009,15-Oct-09,205,"TRESPASS 2, CRIMINAL",352,CRIMINAL TRESPASS,PL 14010FH,M,S,120,25-44,M,BLACK,40.63193864,-74.16347023,POINT (-74.16347023099998 40.63193864000005)
115,PRE,2009,4-Nov-09,439,"LARCENY,GRAND FROM OPEN AREAS,UNCLASSIFIED",109,GRAND LARCENY,PL 155250H,F,S,122,18-24,F,WHITE,40.57244953,-74.16985067,POINT (-74.16985066599993 40.572449525000025)
116,PRE,2009,10-Nov-09,157,RAPE 1,104,RAPE,PL 130351H,F,S,123,25-44,M,WHITE,40.51180434,-74.25003459,POINT (-74.25003459199998 40.51180433500008)
117,PRE,2009,19-Nov-09,640,AGGRAVATED HARASSMENT 1,126,MISCELLANEOUS PENAL LAW,PL 240302H,F,S,120,25-44,M,WHITE HISPANIC,40.64502275,-74.07721685,POINT (-74.077216847 40.645022746000045)
118,PRE,2009,13-Dec-09,112,MENACING 1ST DEGREE (VICT NOT PEACE OFFICER),126,MISCELLANEOUS PENAL LAW,PL 120141H,F,S,122,25-44,F,WHITE,40.57414013,-74.10600777,POINT (-74.10600776499997 40.57414012800007)
119,PRE,2009,27-Dec-09,109,"ASSAULT 2,1,UNCLASSIFIED",106,FELONY ASSAULT,PL 120053H,F,S,120,25-44,M,BLACK,40.63898418,-74.17125231,POINT (-74.17125230499995 40.63898417600007)
120,POST,2010,3-Jan-10,109,"ASSAULT 2,1,UNCLASSIFIED",106,FELONY ASSAULT,PL 120056H,F,S,123,18-24,M,WHITE,40.51180434,-74.25003459,POINT (-74.25003459199998 40.51180433500008)
121,POST,2010,7-Mar-10,183,"IMPRISONMENT 1,UNLAWFUL",124,KIDNAPPING & RELATED OFFENSES,PL 135100H,F,S,120,25-44,M,WHITE HISPANIC,40.6214156,-74.08007851,POINT (-74.08007850499997 40.62141559900005)
122,POST,2010,10-Mar-10,113,"MENACING,UNCLASSIFIED",344,ASSAULT 3 & RELATED OFFENSES,PL 120150H,M,S,120,18-24,M,WHITE HISPANIC,40.63681897,-74.11865313,POINT (-74.11865312699999 40.63681896700007)
123,POST,2010,13-Mar-10,439,"LARCENY,GRAND FROM OPEN AREAS,",109,GRAND LARCENY,PL 15530EH,F,S,123,25-44,M,WHITE,40.5599928,-74.17403331,POINT (-74.17403330999997 40.559992798000046)
124,POST,2010,16-Mar-10,269,"MISCHIEF,CRIMINAL,    UNCL 2ND",121,CRIMINAL MISCHIEF & RELATED OFFENSES,PL 145052H,F,S,123,18-24,M,WHITE,40.5499165,-74.21463256,POINT (-74.21463256099996 40.549916498000066)
125,POST,2010,16-Mar-10,269,"MISCHIEF,CRIMINAL,    UNCL 2ND",121,CRIMINAL MISCHIEF & RELATED OFFENSES,PL 145052H,F,S,123,18-24,M,WHITE,40.5499165,-74.21463256,POINT (-74.21463256099996 40.549916498000066)
126,POST,2010,14-Apr-10,439,"LARCENY,GRAND FROM OPEN AREAS,UNCLASSIFIED",109,GRAND LARCENY,PL 155350H,F,S,122,25-44,M,WHITE,40.58982677,-74.16427807,POINT (-74.16427806999997 40.58982677200004)
127,POST,2010,18-Apr-10,639,AGGRAVATED HARASSMENT 2,361,OFF. AGNST PUB ORD SENSBLTY & RGHTS TO PRIV,PL 24030AH,F,S,122,<18,M,WHITE,40.60172695,-74.09142371,POINT (-74.09142370999999 40.601726946000035)
128,POST,2010,18-Apr-10,639,AGGRAVATED HARASSMENT 2,361,OFF. AGNST PUB ORD SENSBLTY & RGHTS TO PRIV,PL 24030AH,F,S,122,<18,F,WHITE,40.60172695,-74.09142371,POINT (-74.09142370999999 40.601726946000035)
129,POST,2010,18-Apr-10,639,AGGRAVATED HARASSMENT 2,361,OFF. AGNST PUB ORD SENSBLTY & RGHTS TO PRIV,PL 24030AH,F,S,122,<18,M,WHITE,40.60172695,-74.09142371,POINT (-74.09142370999999 40.601726946000035)
130,POST,2010,24-Apr-10,109,"ASSAULT 2,1,UNCLASSIFIED",106,FELONY ASSAULT,PL 120053H,F,S,123,45-64,M,WHITE,40.53283699,-74.22249209,POINT (-74.22249208799997 40.532836987000046)
131,POST,2010,29-Apr-10,639,AGGRAVATED HARASSMENT 2,361,OFF. AGNST PUB ORD SENSBLTY & RGHTS TO PRIV,PL 24030AH,F,S,122,<18,M,WHITE,40.57414013,-74.10600777,POINT (-74.10600776499997 40.57414012800007)
132,POST,2010,10-May-10,109,"ASSAULT 2,1,UNCLASSIFIED",106,FELONY ASSAULT,PL 120101H,F,S,120,18-24,F,ASIAN / PACIFIC ISLANDER,40.64270648,-74.0767169,POINT (-74.07671690299999 40.64270648100006)
133,POST,2010,10-May-10,397,"ROBBERY,UNCLASSIFIED,OPEN AREA",105,ROBBERY,PL 16010AH,F,S,120,18-24,F,ASIAN / PACIFIC ISLANDER,40.64270648,-74.0767169,POINT (-74.07671690299999 40.64270648100006)
134,POST,2010,13-May-10,109,"ASSAULT 2,1,UNCLASSIFIED",106,FELONY ASSAULT,PL 120101H,F,S,120,18-24,M,BLACK,40.64502275,-74.07721685,POINT (-74.077216847 40.645022746000045)
135,POST,2010,13-May-10,397,"ROBBERY,UNCLASSIFIED,OPEN AREAS",105,ROBBERY,PL 160102H,F,S,120,18-24,M,BLACK,40.64502275,-74.07721685,POINT (-74.077216847 40.645022746000045)
136,POST,2010,22-May-10,113,"MENACING,UNCLASSIFIED",344,ASSAULT 3 & RELATED OFFENSES,PL 120150H,M,S,120,25-44,M,WHITE HISPANIC,40.62086456,-74.16069464,POINT (-74.16069464299993 40.62086456000004)
137,POST,2010,24-May-10,113,"MENACING,UNCLASSIFIED",344,ASSAULT 3 & RELATED OFFENSES,PL 120150H,M,S,122,25-44,M,BLACK,40.60408778,-74.12841563,POINT (-74.12841563299997 40.60408777500004)
138,POST,2010,26-May-10,397,"ROBBERY,UNCLASSIFIED,OPEN AREA",105,ROBBERY,PL 16010AH,F,S,120,18-24,M,BLACK,40.64502275,-74.07721685,POINT (-74.077216847 40.645022746000045)
139,POST,2010,26-May-10,397,"ROBBERY,UNCLASSIFIED,OPEN AREAS",105,ROBBERY,PL 160101H,F,S,120,18-24,F,ASIAN / PACIFIC ISLANDER,40.64502275,-74.07721685,POINT (-74.077216847 40.645022746000045)
140,POST,2010,10-Jun-10,269,"MISCHIEF,CRIMINAL,    UNCL 2ND DEG 3RD DEG",121,CRIMINAL MISCHIEF & RELATED OFFENSES,PL 145050H,F,S,120,45-64,M,WHITE,40.62692181,-74.07579453,POINT (-74.07579452899995 40.626921811000045)
141,POST,2010,6-Jul-10,113,"MENACING,UNCLASSIFIED",344,ASSAULT 3 & RELATED OFFENSES,PL 120150H,M,S,122,25-44,F,BLACK,40.59575324,-74.07791244,POINT (-74.07791244099997 40.59575323800004)
142,POST,2010,8-Jul-10,205,"TRESPASS 2, CRIMINAL",352,CRIMINAL TRESPASS,PL 14010AH,M,S,122,<18,F,WHITE,40.56029783,-74.13500385,POINT (-74.13500385099996 40.56029782900004)
143,POST,2010,12-Jul-10,639,AGGRAVATED HARASSMENT 2,361,OFF. AGNST PUB ORD SENSBLTY & RGHTS TO PRIV,PL 240250H,M,S,122,25-44,M,WHITE,40.5831901,-74.10857824,POINT (-74.10857823599997 40.58319009500008)
144,POST,2010,18-Jul-10,397,"ROBBERY,UNCLASSIFIED,OPEN AREAS",105,ROBBERY,PL 160050H,F,S,120,25-44,M,WHITE HISPANIC,40.63613769,-74.1387783,POINT (-74.13877830299998 40.63613768900007)
145,POST,2010,30-Jul-10,109,"ASSAULT 2,1,UNCLASSIFIED",106,FELONY ASSAULT,PL 120053H,F,S,122,<18,M,WHITE,40.55014167,-74.1421189,POINT (-74.14211889499995 40.55014167300004)
146,POST,2010,1-Aug-10,397,"ROBBERY,UNCLASSIFIED,OPEN AREAS",105,ROBBERY,PL 160101H,F,S,120,<18,M,BLACK,40.63402572,-74.13044403,POINT (-74.13044402599996 40.63402572300004)
147,POST,2010,6-Aug-10,397,"ROBBERY,UNCLASSIFIED,OPEN AREAS",105,ROBBERY,PL 160101H,F,S,120,<18,M,BLACK,40.64502275,-74.07721685,POINT (-74.077216847 40.645022746000045)
148,POST,2010,6-Aug-10,639,AGGRAVATED HARASSMENT 2,361,OFF. AGNST PUB ORD SENSBLTY & RGHTS TO PRIV,PL 24030AH,F,S,120,45-64,M,WHITE,40.61308613,-74.12255847,POINT (-74.122558472 40.613086130000056)
149,POST,2010,6-Aug-10,639,AGGRAVATED HARASSMENT 2,361,OFF. AGNST PUB ORD SENSBLTY & RGHTS TO PRIV,PL 24030AH,F,S,120,45-64,M,WHITE,40.61308613,-74.12255847,POINT (-74.122558472 40.613086130000056)
150,POST,2010,6-Aug-10,640,AGGRAVATED HARASSMENT 1,126,MISCELLANEOUS PENAL LAW,PL 240302H,F,S,120,45-64,M,WHITE,40.61308613,-74.12255847,POINT (-74.122558472 40.613086130000056)
151,POST,2010,13-Aug-10,109,"ASSAULT 2,1,UNCLASSIFIED",106,FELONY ASSAULT,PL 120053H,F,S,120,18-24,M,BLACK,40.6159949,-74.08355506,POINT (-74.08355505499998 40.61599490100008)
152,POST,2010,20-Aug-10,379,"ROBBERY,GAS STATION",105,ROBBERY,PL 160152H,F,S,120,<18,M,BLACK,40.63681897,-74.11865313,POINT (-74.11865312699999 40.63681896700007)
153,POST,2010,12-Sep-10,269,"MISCHIEF,CRIMINAL,    UNCL 2ND DEG 3RD DEG",121,CRIMINAL MISCHIEF & RELATED OFFENSES,PL 145001H,F,S,120,25-44,M,BLACK,40.62939674,-74.11626939,POINT (-74.11626939399997 40.62939674300002)
154,POST,2010,10-Oct-10,109,"ASSAULT 2,1,UNCLASSIFIED",106,FELONY ASSAULT,PL 120001H,F,S,120,<18,M,WHITE HISPANIC,40.64502275,-74.07721685,POINT (-74.077216847 40.645022746000045)
155,POST,2010,10-Oct-10,109,"ASSAULT 2,1,UNCLASSIFIED",106,FELONY ASSAULT,PL 120001H,F,S,120,<18,M,WHITE HISPANIC,40.64502275,-74.07721685,POINT (-74.077216847 40.645022746000045)
156,POST,2010,10-Oct-10,109,"ASSAULT 2,1,UNCLASSIFIED",106,FELONY ASSAULT,PL 120003H,F,S,120,<18,M,BLACK,40.64502275,-74.07721685,POINT (-74.077216847 40.645022746000045)
157,POST,2010,10-Oct-10,109,"ASSAULT 2,1,UNCLASSIFIED",106,FELONY ASSAULT,PL 120001H,F,S,120,<18,M,WHITE HISPANIC,40.64502275,-74.07721685,POINT (-74.077216847 40.645022746000045)
158,POST,2010,21-Oct-10,109,"ASSAULT 2,1,UNCLASSIFIED",106,FELONY ASSAULT,PL 120053H,F,S,120,18-24,M,WHITE,40.63032339,-74.15243843,POINT (-74.15243842999998 40.630323389000075)
159,POST,2010,13-Nov-10,439,"LARCENY,GRAND FROM OPEN AREAS,UNCLASSIFIED",109,GRAND LARCENY,PL 155250H,F,S,123,45-64,M,WHITE,40.5425919,-74.21830055,POINT (-74.21830055099997 40.54259189500005)
160,POST,2010,15-Nov-10,109,"ASSAULT 2,1,UNCLASSIFIED",106,FELONY ASSAULT,PL 120053H,F,S,120,25-44,M,BLACK,40.64173826,-74.07567804,POINT (-74.07567803700002 40.641738260000075)
161,POST,2010,1-Dec-10,379,"ROBBERY,GAS STATION",105,ROBBERY,PL 160154H,F,S,120,18-24,M,BLACK,40.64502275,-74.07721685,POINT (-74.077216847 40.645022746000045)
162,POST,2010,21-Dec-10,109,"ASSAULT 2,1,UNCLASSIFIED",106,FELONY ASSAULT,PL 120001H,F,S,123,45-64,F,WHITE,40.51158634,-74.24930373,POINT (-74.24930372699998 40.51158633800003)
163,POST,2011,30-Mar-11,109,"ASSAULT 2,1,UNCLASSIFIED",106,FELONY ASSAULT,PL 120001H,F,S,120,<18,M,BLACK,40.6202233,-74.08158998,POINT (-74.08158997599996 40.62022329500007)
164,POST,2011,5-Apr-11,269,"MISCHIEF,CRIMINAL,    UNCL 2ND DEG 3RD DEG",121,CRIMINAL MISCHIEF & RELATED OFFENSES,PL 145001H,F,S,123,25-44,M,WHITE,40.54450119,-74.20855601,POINT (-74.20855601499993 40.54450118800003)
165,POST,2011,9-Apr-11,109,"ASSAULT 2,1,UNCLASSIFIED",106,FELONY ASSAULT,PL 120003H,F,S,120,25-44,M,WHITE HISPANIC,40.62464996,-74.14166514,POINT (-74.14166514499993 40.624649955000045)
166,POST,2011,17-Apr-11,205,"TRESPASS 2, CRIMINAL",352,CRIMINAL TRESPASS,PL 14010FH,M,S,120,25-44,M,BLACK,40.62314011,-74.08284714,POINT (-74.08284714199993 40.623140111000055)
167,POST,2011,21-Apr-11,109,"ASSAULT 2,1,UNCLASSIFIED",106,FELONY ASSAULT,PL 120053H,F,S,120,18-24,M,WHITE HISPANIC,40.61237012,-74.06485759,POINT (-74.06485759299993 40.61237011800005)
168,POST,2011,21-Apr-11,109,"ASSAULT 2,1,UNCLASSIFIED",106,FELONY ASSAULT,PL 120053H,F,S,120,18-24,M,WHITE,40.61237012,-74.06485759,POINT (-74.06485759299993 40.61237011800005)
169,POST,2011,11-May-11,109,"ASSAULT 2,1,UNCLASSIFIED",106,FELONY ASSAULT,PL 120002H,F,S,120,25-44,M,BLACK,40.64502275,-74.07721685,POINT (-74.077216847 40.645022746000045)
170,POST,2011,23-May-11,105,STRANGULATION 1ST,106,FELONY ASSAULT,PL 121120H,F,S,120,25-44,M,BLACK,40.64502275,-74.07721685,POINT (-74.077216847 40.645022746000045)
171,POST,2011,25-Jul-11,113,"MENACING,UNCLASSIFIED",344,ASSAULT 3 & RELATED OFFENSES,PL 120150H,M,S,122,45-64,F,WHITE HISPANIC,40.55557403,-74.13263358,POINT (-74.13263358399996 40.555574025000055)
172,POST,2011,28-Nov-11,639,AGGRAVATED HARASSMENT 2,361,OFF. AGNST PUB ORD SENSBLTY & RGHTS TO PRIV,PL 240250H,M,S,120,45-64,F,WHITE HISPANIC,40.63582735,-74.08548587,POINT (-74.08548586799998 40.63582734800008)
173,POST,2011,24-Dec-11,109,"ASSAULT 2,1,UNCLASSIFIED",106,FELONY ASSAULT,PL 120001H,F,S,120,25-44,M,BLACK,40.61190664,-74.1081099,POINT (-74.10810990099996 40.61190664200007)
174,POST,2012,29-Jan-12,109,"ASSAULT 2,1,UNCLASSIFIED",106,FELONY ASSAULT,PL 120053H,F,S,120,25-44,M,BLACK,40.64035783,-74.1685462,POINT (-74.16854619599997 40.64035782500007)
175,POST,2012,4-Feb-12,109,"ASSAULT 2,1,UNCLASSIFIED",106,FELONY ASSAULT,PL 120053H,F,S,120,25-44,M,BLACK,40.6242432,-74.07940826,POINT (-74.07940825699995 40.62424320000007)
176,POST,2012,5-Feb-12,639,AGGRAVATED HARASSMENT 2,361,OFF. AGNST PUB ORD SENSBLTY & RGHTS TO PRIV,PL 24030BH,F,S,120,25-44,M,BLACK HISPANIC,40.64502275,-74.07721685,POINT (-74.077216847 40.645022746000045)
177,POST,2012,6-Feb-12,109,"ASSAULT 2,1,UNCLASSIFIED",106,FELONY ASSAULT,PL 120001H,F,S,122,25-44,M,WHITE,40.57414013,-74.10600777,POINT (-74.10600776499997 40.57414012800007)
178,POST,2012,20-Feb-12,109,"ASSAULT 2,1,UNCLASSIFIED",106,FELONY ASSAULT,PL 120053H,F,S,120,18-24,M,WHITE HISPANIC,40.63681897,-74.11865313,POINT (-74.11865312699999 40.63681896700007)
179,POST,2012,10-Mar-12,109,"ASSAULT 2,1,UNCLASSIFIED",106,FELONY ASSAULT,PL 120053H,F,S,120,18-24,M,BLACK,40.6146244,-74.08471673,POINT (-74.08471673399998 40.614624398000046)
180,POST,2012,21-Mar-12,244,"BURGLARY,UNCLASSIFIED,UNKNOWN TIME",107,BURGLARY,PL 140200H,F,S,120,25-44,M,WHITE,40.64270648,-74.0767169,POINT (-74.07671690299999 40.64270648100006)
181,POST,2012,21-May-12,109,"ASSAULT 2,1,UNCLASSIFIED",106,FELONY ASSAULT,PL 120053H,F,S,120,25-44,M,WHITE HISPANIC,40.64471777,-74.09909314,POINT (-74.09909313899993 40.64471777400007)
182,POST,2012,27-May-12,639,AGGRAVATED HARASSMENT 2,361,OFF. AGNST PUB ORD SENSBLTY & RGHTS TO PRIV,PL 240250H,M,S,120,25-44,M,WHITE,40.64502275,-74.07721685,POINT (-74.077216847 40.645022746000045)
183,POST,2012,31-May-12,109,"ASSAULT 2,1,UNCLASSIFIED",106,FELONY ASSAULT,PL 120001H,F,S,120,<18,M,BLACK,40.63923551,-74.07901894,POINT (-74.07901894099997 40.63923551100004)
184,POST,2012,13-Jun-12,269,"MISCHIEF,CRIMINAL,    UNCL 2ND DEG 3RD DEG",121,CRIMINAL MISCHIEF & RELATED OFFENSES,PL 145002H,F,S,120,18-24,F,BLACK,40.63354106,-74.12187907,POINT (-74.12187906799994 40.63354105800004)
185,POST,2012,16-Jun-12,439,"LARCENY,GRAND FROM OPEN AREAS,UNCLASSIFIED",109,GRAND LARCENY,PL 155301H,F,S,123,25-44,M,WHITE,40.55585121,-74.17916863,POINT (-74.17916863199997 40.55585121000007)
186,POST,2012,30-Jun-12,109,"ASSAULT 2,1,UNCLASSIFIED",106,FELONY ASSAULT,PL 120056H,F,S,120,25-44,M,ASIAN / PACIFIC ISLANDER,40.6249707,-74.16653682,POINT (-74.16653682299993 40.62497069500005)
187,POST,2012,24-Sep-12,244,"BURGLARY,UNCLASSIFIED,UNKNOWN TIME",107,BURGLARY,PL 140200H,F,S,122,<18,F,WHITE,40.55391217,-74.13370266,POINT (-74.13370265799993 40.55391217400006)
188,POST,2012,1-Oct-12,109,"ASSAULT 2,1,UNCLASSIFIED",106,FELONY ASSAULT,PL 120053H,F,S,120,25-44,F,WHITE HISPANIC,40.63124092,-74.11658605,POINT (-74.11658604499998 40.63124092200008)
189,POST,2012,4-Oct-12,109,"ASSAULT 2,1,UNCLASSIFIED",106,FELONY ASSAULT,PL 120053H,F,S,122,25-44,F,WHITE HISPANIC,40.60479546,-74.08447018,POINT (-74.08447017699996 40.604795463000066)
190,POST,2012,15-Oct-12,263,"ARSON 2,3,4",114,ARSON,PL 150150H,F,S,120,25-44,F,WHITE HISPANIC,40.64270648,-74.0767169,POINT (-74.07671690299999 40.64270648100006)
191,POST,2012,4-Nov-12,269,"MISCHIEF,CRIMINAL,    UNCL 2ND DEG 3RD DEG",121,CRIMINAL MISCHIEF & RELATED OFFENSES,PL 145001H,F,S,120,<18,M,BLACK,40.63013807,-74.07674929,POINT (-74.07674928899996 40.63013807300007)
192,POST,2012,20-Nov-12,109,"ASSAULT 2,1,UNCLASSIFIED",106,FELONY ASSAULT,PL 120053H,F,S,120,18-24,M,BLACK,40.61549122,-74.08165623,POINT (-74.08165622999996 40.61549122300004)
193,POST,2012,20-Dec-12,244,"BURGLARY,UNCLASSIFIED,UNKNOWN TIME",107,BURGLARY,PL 140200H,F,S,120,25-44,M,WHITE,40.64502275,-74.07721685,POINT (-74.077216847 40.645022746000045)
194,POST,2013,14-Jan-13,109,"ASSAULT 2,1,UNCLASSIFIED",106,FELONY ASSAULT,PL 120001H,F,S,120,45-64,M,BLACK,40.64502275,-74.07721685,POINT (-74.077216847 40.645022746000045)
195,POST,2013,3-Feb-13,117,RECKLESS ENDANGERMENT 1,126,MISCELLANEOUS PENAL LAW,PL 120250H,F,S,120,25-44,F,BLACK HISPANIC,40.63583841,-74.15799603,POINT (-74.15799603099998 40.63583840900003)
196,POST,2013,3-Feb-13,117,RECKLESS ENDANGERMENT 1,126,MISCELLANEOUS PENAL LAW,PL 120250H,F,S,120,25-44,F,BLACK HISPANIC,40.63583841,-74.15799603,POINT (-74.15799603099998 40.63583840900003)
197,POST,2013,9-Mar-13,109,"ASSAULT 2,1,UNCLASSIFIED",106,FELONY ASSAULT,PL 120053H,F,S,120,25-44,M,BLACK,40.60965921,-74.12887295,POINT (-74.12887294599993 40.60965920600006)
198,POST,2013,9-Apr-13,244,"BURGLARY,UNCLASSIFIED,UNKNOWN TIME",107,BURGLARY,PL 140200H,F,S,120,<18,M,BLACK,40.64502275,-74.07721685,POINT (-74.077216847 40.645022746000045)
199,POST,2013,11-Apr-13,109,"ASSAULT 2,1,UNCLASSIFIED",106,FELONY ASSAULT,PL 120002H,F,S,120,25-44,M,BLACK,40.64502275,-74.07721685,POINT (-74.077216847 40.645022746000045)
200,POST,2013,20-Apr-13,269,"MISCHIEF,CRIMINAL,    UNCL 2ND DEG 3RD DEG",121,CRIMINAL MISCHIEF & RELATED OFFENSES,PL 145001H,F,S,120,25-44,M,BLACK,40.64434491,-74.08483375,POINT (-74.08483374599997 40.64434490700007)
201,POST,2013,3-May-13,269,"MISCHIEF,CRIMINAL,    UNCL 2ND DEG 3RD DEG",121,CRIMINAL MISCHIEF & RELATED OFFENSES,PL 145003H,F,S,123,45-64,M,WHITE,40.54874973,-74.17057845,POINT (-74.17057844799997 40.54874973100004)
202,POST,2013,16-May-13,244,"BURGLARY,UNCLASSIFIED,UNKNOWN TIME",107,BURGLARY,PL 140200H,F,S,120,25-44,M,UNKNOWN,40.64502275,-74.07721685,POINT (-74.077216847 40.645022746000045)
203,POST,2013,16-May-13,244,"BURGLARY,UNCLASSIFIED,UNKNOWN TIME",107,BURGLARY,PL 140251H,F,S,120,25-44,M,UNKNOWN,40.64502275,-74.07721685,POINT (-74.077216847 40.645022746000045)
204,POST,2013,16-May-13,244,"BURGLARY,UNCLASSIFIED,UNKNOWN TIME",107,BURGLARY,PL 140200H,F,S,120,25-44,M,UNKNOWN,40.64502275,-74.07721685,POINT (-74.077216847 40.645022746000045)
205,POST,2013,18-May-13,439,"LARCENY,GRAND FROM OPEN AREAS,UNCLASSIFIED",109,GRAND LARCENY,PL 155250H,F,S,120,18-24,M,BLACK,40.63651781,-74.13299984,POINT (-74.13299983999997 40.63651780900005)
206,POST,2013,12-Jun-13,109,"ASSAULT 2,1,UNCLASSIFIED",106,FELONY ASSAULT,PL 120053H,F,S,120,18-24,M,BLACK,40.63768169,-74.1094848,POINT (-74.10948480199994 40.63768169200006)
207,POST,2013,26-Jun-13,109,"ASSAULT 2,1,UNCLASSIFIED",106,FELONY ASSAULT,PL 120053H,F,S,120,<18,M,BLACK,40.63402572,-74.13044403,POINT (-74.13044402599996 40.63402572300004)
208,POST,2013,26-Jun-13,439,"LARCENY,GRAND FROM OPEN AREAS,UNCLASSIFIED",109,GRAND LARCENY,PL 155250H,F,S,122,25-44,M,WHITE HISPANIC,40.55153957,-74.15221551,POINT (-74.15221550599993 40.55153956800007)
209,POST,2013,17-Jul-13,109,"ASSAULT 2,1,UNCLASSIFIED",106,FELONY ASSAULT,PL 120003H,F,S,120,25-44,M,WHITE,40.62132313,-74.07883924,POINT (-74.07883923699995 40.62132313200004)
210,POST,2013,5-Aug-13,112,MENACING 1ST DEGREE (VICT NOT PEACE OFFICER),126,MISCELLANEOUS PENAL LAW,PL 120141H,F,S,122,18-24,F,BLACK,40.59575324,-74.07791244,POINT (-74.07791244099997 40.59575323800004)
211,POST,2013,11-Aug-13,109,"ASSAULT 2,1,UNCLASSIFIED",106,FELONY ASSAULT,PL 120053H,F,S,122,45-64,M,WHITE,40.55980706,-74.15621831,POINT (-74.15621831399994 40.559807060000026)
212,POST,2013,11-Aug-13,109,"ASSAULT 2,1,UNCLASSIFIED",106,FELONY ASSAULT,PL 120053H,F,S,122,45-64,M,WHITE,40.58432799,-74.08746486,POINT (-74.08746486299998 40.58432798800004)
213,POST,2013,25-Aug-13,109,"ASSAULT 2,1,UNCLASSIFIED",106,FELONY ASSAULT,PL 120053H,F,S,121,45-64,F,BLACK,40.63708759,-74.17121141,POINT (-74.171211407 40.637087585000074)
214,POST,2013,2-Sep-13,109,"ASSAULT 2,1,UNCLASSIFIED",106,FELONY ASSAULT,PL 120053H,F,S,120,18-24,M,WHITE HISPANIC,40.61937893,-74.0801301,POINT (-74.08013009499997 40.619378925000035)
215,POST,2013,2-Oct-13,109,"ASSAULT 2,1,UNCLASSIFIED",106,FELONY ASSAULT,PL 120001H,F,S,123,<18,F,WHITE,40.53483174,-74.19737344,POINT (-74.19737343699995 40.53483174100006)
216,POST,2013,17-Oct-13,263,"ARSON 2,3,4",114,ARSON,PL 150101H,F,S,120,18-24,M,WHITE,40.60503827,-74.06574,POINT (-74.06573999599993 40.60503826500008)
217,POST,2013,22-Nov-13,269,"MISCHIEF,CRIMINAL,    UNCL 2ND",121,CRIMINAL MISCHIEF & RELATED OFFENSES,PL 145052H,F,S,121,45-64,M,WHITE HISPANIC,40.62322682,-74.14922697,POINT (-74.14922697299994 40.623226819000074)
218,POST,2013,11-Dec-13,109,"ASSAULT 2,1,UNCLASSIFIED",106,FELONY ASSAULT,PL 120001H,F,S,120,25-44,F,BLACK,40.63935117,-74.08613535,POINT (-74.08613535099995 40.63935117200003)
219,POST,2014,25-Feb-14,439,"LARCENY,GRAND FROM OPEN AREAS,UNCLASSIFIED",109,GRAND LARCENY,PL 155250H,F,S,123,25-44,M,WHITE,40.51158634,-74.24930373,POINT (-74.24930372699998 40.51158633800003)
220,POST,2014,9-Mar-14,113,"MENACING,UNCLASSIFIED",344,ASSAULT 3 & RELATED OFFENSES,PL 120150H,M,S,120,25-44,M,WHITE,40.62210813,-74.12772986,POINT (-74.12772985499998 40.62210813300004)
221,POST,2014,6-Apr-14,183,"IMPRISONMENT 1,UNLAWFUL",124,KIDNAPPING & RELATED OFFENSES,PL 135050H,F,S,121,25-44,M,WHITE HISPANIC,40.63187709,-74.13237812,POINT (-74.13237811899995 40.631877085000035)
222,POST,2014,15-Apr-14,109,"ASSAULT 2,1,UNCLASSIFIED",106,FELONY ASSAULT,PL 120053H,F,S,122,18-24,M,WHITE HISPANIC,40.59691175,-74.07342709,POINT (-74.07342708799997 40.59691175200005)
223,POST,2014,19-May-14,639,AGGRAVATED HARASSMENT 2,361,OFF. AGNST PUB ORD SENSBLTY & RGHTS TO PRIV,PL 240250H,M,S,122,25-44,M,WHITE,40.58479656,-74.08849874,POINT (-74.08849874399993 40.58479655900004)
224,POST,2014,30-May-14,109,"ASSAULT 2,1,UNCLASSIFIED",106,FELONY ASSAULT,PL 120051H,F,S,120,18-24,M,BLACK,40.63681897,-74.11865313,POINT (-74.11865312699999 40.63681896700007)
225,POST,2014,6-Jun-14,397,"ROBBERY,UNCLASSIFIED,OPEN AREAS",105,ROBBERY,PL 160101H,F,S,122,<18,M,BLACK,40.57443758,-74.12669198,POINT (-74.12669197899999 40.57443757600004)
226,POST,2014,27-Jun-14,109,"ASSAULT 2,1,UNCLASSIFIED",106,FELONY ASSAULT,PL 120053H,F,S,121,18-24,M,BLACK,40.63674414,-74.13428297,POINT (-74.13428297199995 40.63674413600006)
227,POST,2014,30-Jul-14,109,"ASSAULT 2,1,UNCLASSIFIED",106,FELONY ASSAULT,PL 120051H,F,S,120,25-44,M,BLACK,40.64149946,-74.07567777,POINT (-74.07567776599996 40.64149946300005)
228,POST,2014,16-Aug-14,109,"ASSAULT 2,1,UNCLASSIFIED",106,FELONY ASSAULT,PL 120053H,F,S,120,18-24,M,BLACK,40.63700115,-74.11494231,POINT (-74.11494230799997 40.63700114800002)
229,POST,2014,16-Aug-14,109,"ASSAULT 2,1,UNCLASSIFIED",106,FELONY ASSAULT,PL 120053H,F,S,120,18-24,M,BLACK,40.63700115,-74.11494231,POINT (-74.11494230799997 40.63700114800002)
230,POST,2014,27-Aug-14,269,"MISCHIEF,CRIMINAL,    UNCL 2ND",121,CRIMINAL MISCHIEF & RELATED OF,PL 14500BH,F,S,122,65+,M,WHITE,40.56022111,-74.10610804,POINT (-74.10610804299995 40.56022111200008)
231,POST,2014,15-Sep-14,109,"ASSAULT 2,1,UNCLASSIFIED",106,FELONY ASSAULT,PL 120053H,F,S,123,18-24,M,WHITE,40.51986042,-74.22898059,POINT (-74.22898058899995 40.51986042100003)
232,POST,2014,1-Oct-14,439,"LARCENY,GRAND FROM OPEN AREAS,",109,GRAND LARCENY,PL 155351H,F,S,121,25-44,F,WHITE HISPANIC,40.62322682,-74.14922697,POINT (-74.14922697299994 40.623226819000074)
233,POST,2014,6-Nov-14,109,"ASSAULT 2,1,UNCLASSIFIED",106,FELONY ASSAULT,PL 120051H,F,S,121,25-44,F,BLACK,40.63067501,-74.1480151,POINT (-74.14801510299998 40.63067501300003)
234,POST,2014,8-Nov-14,109,"ASSAULT 2,1,UNCLASSIFIED",106,FELONY ASSAULT,PL 120053H,F,S,121,25-44,M,WHITE HISPANIC,40.63331447,-74.14007306,POINT (-74.14007306199994 40.63331447300004)
235,POST,2014,13-Nov-14,109,"ASSAULT 2,1,UNCLASSIFIED",106,FELONY ASSAULT,PL 120003H,F,S,121,25-44,F,WHITE HISPANIC,40.63124554,-74.16636874,POINT (-74.16636874099999 40.63124554000007)
236,POST,2015,7-Jan-15,109,"ASSAULT 2,1,UNCLASSIFIED",106,FELONY ASSAULT,PL 120003H,F,S,121,45-64,M,BLACK,40.63898418,-74.17125231,POINT (-74.17125230499995 40.63898417600007)
237,POST,2015,21-Jan-15,640,AGGRAVATED HARASSMENT 1,126,MISCELLANEOUS PENAL LAW,PL 240302H,F,S,123,18-24,M,WHITE,40.51181208,-74.23997932,POINT (-74.23997932299993 40.51181207600007)
238,POST,2015,4-Feb-15,640,AGGRAVATED HARASSMENT 1,126,MISCELLANEOUS PENAL LAW,PL 240304H,F,S,122,18-24,M,WHITE,40.57414013,-74.10600777,POINT (-74.10600776499997 40.57414012800007)
239,POST,2015,14-Mar-15,109,"ASSAULT 2,1,UNCLASSIFIED",106,FELONY ASSAULT,PL 120053H,F,S,121,25-44,M,WHITE HISPANIC,40.63569205,-74.13499425,POINT (-74.13499424499999 40.635692049000056)
240,POST,2015,20-Mar-15,109,"ASSAULT 2,1,UNCLASSIFIED",106,FELONY ASSAULT,PL 120053H,F,S,120,<18,M,BLACK,40.64502275,-74.07721685,POINT (-74.077216847 40.645022746000045)
241,POST,2015,24-Mar-15,269,"MISCHIEF,CRIMINAL,    UNCL 2ND DEG 3RD DEG",121,CRIMINAL MISCHIEF & RELATED OFFENSES,PL 145001H,F,S,120,<18,M,BLACK HISPANIC,40.6202233,-74.08158998,POINT (-74.08158997599996 40.62022329500007)
242,POST,2015,18-Apr-15,109,"ASSAULT 2,1,UNCLASSIFIED",106,FELONY ASSAULT,PL 120053H,F,S,120,18-24,F,BLACK,40.63919298,-74.08478396,POINT (-74.08478395799993 40.63919297800004)
243,POST,2015,27-Apr-15,439,"LARCENY,GRAND FROM OPEN AREAS,UNCLASSIFIED",109,GRAND LARCENY,PL 155250H,F,S,120,25-44,M,BLACK,40.62869266,-74.11216841,POINT (-74.11216840499998 40.62869266100006)
244,POST,2015,2-May-15,109,"ASSAULT 2,1,UNCLASSIFIED",106,FELONY ASSAULT,PL 120053H,F,S,121,18-24,M,BLACK,40.6371611,-74.16019343,POINT (-74.16019342799996 40.63716110400002)
245,POST,2015,20-May-15,105,STRANGULATION 1ST,106,FELONY ASSAULT,PL 121120H,F,S,121,45-64,M,BLACK,40.62322682,-74.14922697,POINT (-74.14922697299994 40.623226819000074)
246,POST,2015,25-May-15,117,RECKLESS ENDANGERMENT 1,126,MISCELLANEOUS PENAL LAW,PL 120250H,F,S,120,18-24,M,BLACK,40.61879293,-74.08204929,POINT (-74.08204929199997 40.61879293100003)
247,POST,2015,25-May-15,117,RECKLESS ENDANGERMENT 1,126,MISCELLANEOUS PENAL LAW,PL 120250H,F,S,120,18-24,M,BLACK,40.61879293,-74.08204929,POINT (-74.08204929199997 40.61879293100003)
248,POST,2015,21-Jun-15,109,"ASSAULT 2,1,UNCLASSIFIED",106,FELONY ASSAULT,PL 120052H,F,S,121,<18,M,BLACK,40.60377679,-74.13156974,POINT (-74.13156973899999 40.60377679100003)
249,POST,2015,21-Jun-15,640,AGGRAVATED HARASSMENT 1,126,MISCELLANEOUS PENAL LAW,PL 240302H,F,S,121,<18,M,BLACK,40.60377679,-74.13156974,POINT (-74.13156973899999 40.60377679100003)
250,POST,2015,21-Jun-15,640,AGGRAVATED HARASSMENT 1,126,MISCELLANEOUS PENAL LAW,PL 240302H,F,S,121,<18,M,BLACK,40.60377679,-74.13156974,POINT (-74.13156973899999 40.60377679100003)
251,POST,2015,30-Jun-15,109,"ASSAULT 2,1,UNCLASSIFIED",106,FELONY ASSAULT,PL 120053H,F,S,120,25-44,M,WHITE HISPANIC,40.61779724,-74.08110434,POINT (-74.08110434099996 40.61779724100006)
252,POST,2015,1-Jul-15,439,"LARCENY,GRAND FROM OPEN AREAS,UNCLASSIFIED",109,GRAND LARCENY,PL 155250H,F,S,120,25-44,M,WHITE,40.64502275,-74.07721685,POINT (-74.077216847 40.645022746000045)
253,POST,2015,5-Jul-15,109,"ASSAULT 2,1,UNCLASSIFIED",106,FELONY ASSAULT,PL 120053H,F,S,120,25-44,M,BLACK,40.64502275,-74.07721685,POINT (-74.077216847 40.645022746000045)
254,POST,2015,5-Jul-15,109,"ASSAULT 2,1,UNCLASSIFIED",106,FELONY ASSAULT,PL 120053H,F,S,120,25-44,M,BLACK,40.64502275,-74.07721685,POINT (-74.077216847 40.645022746000045)
255,POST,2015,10-Jul-15,109,"ASSAULT 2,1,UNCLASSIFIED",106,FELONY ASSAULT,PL 120052H,F,S,120,18-24,M,BLACK,40.64502275,-74.07721685,POINT (-74.077216847 40.645022746000045)
256,POST,2015,12-Jul-15,109,"ASSAULT 2,1,UNCLASSIFIED",106,FELONY ASSAULT,PL 120052H,F,S,120,18-24,M,WHITE,40.62221251,-74.08265507,POINT (-74.08265507199997 40.62221251000005)
257,POST,2015,12-Jul-15,112,MENACING 1ST DEGREE (VICT NOT PEACE OFFICER),126,MISCELLANEOUS PENAL LAW,PL 120141H,F,S,120,18-24,M,BLACK,40.6277504,-74.10426643,POINT (-74.10426642599998 40.627750400000025)
258,POST,2015,10-Aug-15,109,"ASSAULT 2,1,UNCLASSIFIED",106,FELONY ASSAULT,PL 120053H,F,S,122,25-44,M,AMERICAN INDIAN/ALASKAN NATIVE,40.56539505,-74.11191815,POINT (-74.11191815299998 40.56539505300003)
259,POST,2015,17-Aug-15,109,"ASSAULT 2,1,UNCLASSIFIED",106,FELONY ASSAULT,PL 120053H,F,S,120,25-44,M,BLACK,40.63522503,-74.10664164,POINT (-74.106641643 40.63522503300004)
260,POST,2015,24-Aug-15,397,"ROBBERY,UNCLASSIFIED,OPEN AREA",105,ROBBERY,PL 16010AH,F,S,122,45-64,M,BLACK,40.57414013,-74.10600777,POINT (-74.10600776499997 40.57414012800007)
261,POST,2015,9-Sep-15,439,"LARCENY,GRAND FROM OPEN AREAS,UNCLASSIFIED",109,GRAND LARCENY,PL 155402H,F,S,120,65+,M,WHITE,40.62327966,-74.12316076,POINT (-74.12316076399996 40.62327965700007)
262,POST,2015,19-Oct-15,109,"ASSAULT 2,1,UNCLASSIFIED",106,FELONY ASSAULT,PL 120053H,F,S,121,45-64,M,BLACK,40.62322682,-74.14922697,POINT (-74.14922697299994 40.623226819000074)
263,POST,2015,25-Oct-15,109,"ASSAULT 2,1,UNCLASSIFIED",106,FELONY ASSAULT,PL 120053H,F,S,120,25-44,F,BLACK,40.63725264,-74.07664578,POINT (-74.07664577799993 40.63725263600002)
264,POST,2016,2-Feb-16,397,"ROBBERY,UNCLASSIFIED,OPEN AREAS",105,ROBBERY,PL 160101H,F,S,120,18-24,M,WHITE,40.64075492,-74.07674709,POINT (-74.07674708799993 40.64075491800003)
265,POST,2016,13-Feb-16,139,"MURDER,UNCLASSIFIED",101,MURDER & NON-NEGL. MANSLAUGHTER,PL 125271H,F,S,121,25-44,M,BLACK,40.62322682,-74.14922697,POINT (-74.14922697299994 40.623226819000074)
266,POST,2016,13-Feb-16,139,"MURDER,UNCLASSIFIED",101,MURDER & NON-NEGL. MANSLAUGHTER,PL 125271H,F,S,121,25-44,M,BLACK,40.62322682,-74.14922697,POINT (-74.14922697299994 40.623226819000074)
267,POST,2016,13-Feb-16,139,"MURDER,UNCLASSIFIED",101,MURDER & NON-NEGL. MANSLAUGHTER,PL 125271H,F,S,121,25-44,M,BLACK,40.62322682,-74.14922697,POINT (-74.14922697299994 40.623226819000074)
268,POST,2016,13-Feb-16,139,"MURDER,UNCLASSIFIED",101,MURDER & NON-NEGL. MANSLAUGHTER,PL 125271H,F,S,121,25-44,M,BLACK,40.62322682,-74.14922697,POINT (-74.14922697299994 40.623226819000074)
269,POST,2016,15-Mar-16,269,"MISCHIEF,CRIMINAL,    UNCL 2ND",121,CRIMINAL MISCHIEF & RELATED OFFENSES,PL 145051H,F,S,120,25-44,M,BLACK,40.62384889,-74.08197986,POINT (-74.08197985899994 40.62384888900005)
270,POST,2016,13-Apr-16,112,MENACING 1ST DEGREE (VICT NOT PEACE OFFICER),126,MISCELLANEOUS PENAL LAW,PL 120141H,F,S,120,45-64,M,BLACK,40.64502275,-74.07721685,POINT (-74.077216847 40.645022746000045)
271,POST,2016,3-Jun-16,109,"ASSAULT 2,1,UNCLASSIFIED",106,FELONY ASSAULT,PL 120003H,F,S,120,18-24,F,BLACK,40.63372024,-74.07641834,POINT (-74.07641834199995 40.633720244000074)
272,POST,2016,9-Jun-16,139,"MURDER,UNCLASSIFIED",101,MURDER & NON-NEGL. MANSLAUGHTER,PL 125271H,F,S,121,45-64,M,WHITE HISPANIC,40.62322682,-74.14922697,POINT (-74.14922697299994 40.623226819000074)
273,POST,2016,9-Jun-16,139,"MURDER,UNCLASSIFIED",101,MURDER & NON-NEGL. MANSLAUGHTER,PL 125271H,F,S,121,45-64,M,WHITE HISPANIC,40.62322682,-74.14922697,POINT (-74.14922697299994 40.623226819000074)
274,POST,2016,9-Jun-16,139,"MURDER,UNCLASSIFIED",101,MURDER & NON-NEGL. MANSLAUGHTER,PL 125271H,F,S,121,45-64,M,WHITE HISPANIC,40.62322682,-74.14922697,POINT (-74.14922697299994 40.623226819000074)
275,POST,2016,24-Jun-16,112,MENACING 1ST DEGREE (VICT NOT PEACE OFFICER),126,MISCELLANEOUS PENAL LAW,PL 120130H,F,S,120,25-44,M,WHITE HISPANIC,40.63487258,-74.08492619,POINT (-74.08492618999998 40.63487257600008)
276,POST,2016,27-Oct-16,639,AGGRAVATED HARASSMENT 2,361,OFF. AGNST PUB ORD SENSBLTY & RGHTS TO PRIV,PL 240250H,M,S,123,18-24,M,BLACK,40.54402853,-74.16502541,POINT (-74.16502541299997 40.54402852700008)
277,POST,2016,2-Nov-16,109,"ASSAULT 2,1,UNCLASSIFIED",106,FELONY ASSAULT,PL 120052H,F,S,120,18-24,M,ASIAN / PACIFIC ISLANDER,40.62706089,-74.07714923,POINT (-74.07714923199995 40.627060894000074)
278,POST,2016,12-Nov-16,263,"ARSON 2,3,4",114,ARSON,PL 150150H,F,S,121,25-44,M,BLACK,40.63807818,-74.13184275,POINT (-74.13184274799994 40.63807818300006)
279,POST,2016,17-Nov-16,112,MENACING 1ST DEGREE (VICT NOT PEACE OFFICER),126,MISCELLANEOUS PENAL LAW,PL 120130H,F,S,120,18-24,M,BLACK,40.63776877,-74.07648063,POINT (-74.07648062699997 40.63776876600008)
280,POST,2016,30-Dec-16,269,"MISCHIEF,CRIMINAL,    UNCL 2ND",121,CRIMINAL MISCHIEF & RELATED OFFENSES,PL 145052H,F,S,122,45-64,M,WHITE,40.59850062,-74.10258951,POINT (-74.10258950899998 40.59850061600008)
281,POST,2017,17-Feb-17,640,AGGRAVATED HARASSMENT 1,126,MISCELLANEOUS PENAL LAW,PL 240302H,F,S,120,25-44,F,WHITE,40.64502275,-74.07721685,POINT (-74.077216847 40.645022746000045)
282,POST,2017,22-Feb-17,139,"MURDER,UNCLASSIFIED",101,MURDER & NON-NEGL. MANSLAUGHTER,PL 125271H,F,S,120,25-44,M,BLACK,40.64502275,-74.07721685,POINT (-74.077216847 40.645022746000045)
283,POST,2017,22-Feb-17,139,"MURDER,UNCLASSIFIED",101,MURDER & NON-NEGL. MANSLAUGHTER,PL 125271H,F,S,120,25-44,M,BLACK,40.64502275,-74.07721685,POINT (-74.077216847 40.645022746000045)
284,POST,2017,13-Mar-17,640,AGGRAVATED HARASSMENT 1,126,MISCELLANEOUS PENAL LAW,PL 240302H,F,S,120,25-44,F,WHITE,40.61388804,-74.1168727,POINT (-74.11687269699996 40.61388804300003)
285,POST,2017,13-Mar-17,640,AGGRAVATED HARASSMENT 1,126,MISCELLANEOUS PENAL LAW,PL 240302H,F,S,120,25-44,F,WHITE,40.61388804,-74.1168727,POINT (-74.11687269699996 40.61388804300003)
286,POST,2017,24-Apr-17,439,"LARCENY,GRAND FROM OPEN AREAS,UNCLASSIFIED",109,GRAND LARCENY,PL 155304H,F,S,123,25-44,M,BLACK,40.51158634,-74.24930373,POINT (-74.24930372699998 40.51158633800003)
287,POST,2017,9-May-17,439,"LARCENY,GRAND FROM OPEN AREAS,UNCLASSIFIED",109,GRAND LARCENY,PL 155250H,F,S,122,25-44,F,BLACK,40.55764406,-74.12984145,POINT (-74.12984144699995 40.55764405900004)
288,POST,2017,18-May-17,269,"MISCHIEF,CRIMINAL,    UNCL 2ND DEG 3RD DEG",121,CRIMINAL MISCHIEF & RELATED OFFENSES,PL 145001H,F,S,121,25-44,M,BLACK,40.63421236,-74.13751689,POINT (-74.13751688699995 40.63421236100004)
289,POST,2017,2-Aug-17,109,"ASSAULT 2,1,UNCLASSIFIED",106,FELONY ASSAULT,PL 120001H,F,S,120,18-24,M,BLACK,40.63966331,-74.07550633,POINT (-74.07550633399995 40.63966331300003)
290,POST,2017,2-Aug-17,109,"ASSAULT 2,1,UNCLASSIFIED",106,FELONY ASSAULT,PL 120001H,F,S,120,18-24,M,BLACK,40.63966331,-74.07550633,POINT (-74.07550633399995 40.63966331300003)
291,POST,2017,23-Aug-17,397,"ROBBERY,UNCLASSIFIED,OPEN AREA",105,ROBBERY,PL 16010AH,F,S,120,18-24,M,BLACK,40.64502275,-74.07721685,POINT (-74.077216847 40.645022746000045)
292,POST,2017,24-Aug-17,397,"ROBBERY,UNCLASSIFIED,OPEN AREAS",105,ROBBERY,PL 160102H,F,S,120,18-24,M,BLACK,40.64502275,-74.07721685,POINT (-74.077216847 40.645022746000045)
293,POST,2017,19-Oct-17,269,"MISCHIEF,CRIMINAL,    UNCL 2ND",121,CRIMINAL MISCHIEF & RELATED OF,PL 145004H,F,S,123,25-44,M,WHITE,40.54769311,-74.21759397,POINT (-74.21759396999995 40.54769311200005)
294,POST,2017,4-Nov-17,109,"ASSAULT 2,1,UNCLASSIFIED",106,FELONY ASSAULT,PL 120001H,F,S,120,25-44,F,WHITE,40.64502275,-74.07721685,POINT (-74.077216847 40.645022746000045)
295,POST,2017,12-Nov-17,439,"LARCENY,GRAND FROM OPEN AREAS,UNCLASSIFIED",109,GRAND LARCENY,PL 155250H,F,S,120,<18,M,BLACK HISPANIC,40.62069641,-74.11001528,POINT (-74.11001527799993 40.620696413000076)
296,POST,2017,15-Nov-17,640,AGGRAVATED HARASSMENT 1,126,MISCELLANEOUS PENAL LAW,PL 240304H,F,S,120,25-44,F,WHITE,40.64502275,-74.07721685,POINT (-74.077216847 40.645022746000045)
297,POST,2017,15-Nov-17,640,AGGRAVATED HARASSMENT 1,126,MISCELLANEOUS PENAL LAW,PL 240304H,F,S,120,25-44,F,WHITE,40.64502275,-74.07721685,POINT (-74.077216847 40.645022746000045)
298,POST,2017,5-Dec-17,269,"MISCHIEF,CRIMINAL,    UNCL 2ND DEG 3RD DEG",121,CRIMINAL MISCHIEF & RELATED OFFENSES,PL 145001H,F,S,120,45-64,M,WHITE,40.64402415,-74.07646257,POINT (-74.07646257399993 40.64402414800003)
299,POST,2018,11-Feb-18,113,"MENACING,UNCLASSIFIED",344,ASSAULT 3 & RELATED OFFENSES,PL 120150H,M,S,120,25-44,M,WHITE HISPANIC,40.62477867,-74.07906667,POINT (-74.07906666799995 40.62477866900008)
300,POST,2018,26-Feb-18,223,"BURGLARY,RESIDENCE,NIGHT",107,BURGLARY,PL 140304H,F,S,122,45-64,M,WHITE,40.57428569,-74.10591441,POINT (-74.10591440499996 40.57428568800003)
301,POST,2018,13-Jun-18,109,"ASSAULT 2,1,UNCLASSIFIED",106,FELONY ASSAULT,PL 120001H,F,S,120,18-24,M,WHITE,40.64502275,-74.07721685,POINT (-74.077216847 40.645022746000045)
302,POST,2018,30-Jun-18,113,"MENACING,UNCLASSIFIED",344,ASSAULT 3 & RELATED OFFENSES,PL 120150H,M,S,122,18-24,M,WHITE,40.57789524,-74.09308662,POINT (-74.09308662299998 40.577895239000036)
303,POST,2018,30-Jun-18,113,"MENACING,UNCLASSIFIED",344,ASSAULT 3 & RELATED OFFENSES,PL 120150H,M,S,122,<18,M,WHITE,40.57789524,-74.09308662,POINT (-74.09308662299998 40.577895239000036)
304,POST,2018,30-Jun-18,113,"MENACING,UNCLASSIFIED",344,ASSAULT 3 & RELATED OFFENSES,PL 120150H,M,S,122,18-24,M,WHITE,40.57789524,-74.09308662,POINT (-74.09308662299998 40.577895239000036)
305,POST,2018,2-Jul-18,117,RECKLESS ENDANGERMENT 1,126,MISCELLANEOUS PENAL LAW,PL 120200H,F,S,123,18-24,M,WHITE,40.53433411,-74.19301177,POINT (-74.193011771 40.53433411000003)
306,POST,2018,2-Jul-18,117,RECKLESS ENDANGERMENT 1,126,MISCELLANEOUS PENAL LAW,PL 120200H,F,S,123,18-24,M,WHITE,40.53433411,-74.19301177,POINT (-74.193011771 40.53433411000003)
307,POST,2018,7-Aug-18,639,AGGRAVATED HARASSMENT 2,361,OFF. AGNST PUB ORD SENSBLTY & RGHTS TO PRIV,PL 240250H,M,S,121,25-44,F,BLACK,40.63736583,-74.13310242,POINT (-74.13310241599999 40.637365831000075)
308,POST,2018,21-Aug-18,109,"ASSAULT 2,1,UNCLASSIFIED",106,FELONY ASSAULT,PL 120051H,F,S,120,25-44,M,WHITE,40.64075492,-74.07674709,POINT (-74.07674708799993 40.64075491800003)
309,POST,2018,14-Oct-18,105,STRANGULATION 1ST,106,FELONY ASSAULT,PL 121120H,F,S,121,25-44,M,BLACK HISPANIC,40.63327999,-74.14133399,POINT (-74.14133398799999 40.63327999300003)
310,POST,2018,14-Oct-18,639,AGGRAVATED HARASSMENT 2,361,OFF. AGNST PUB ORD SENSBLTY & RGHTS TO PRIV,PL 240250H,M,S,120,25-44,F,BLACK,40.64502275,-74.07721685,POINT (-74.077216847 40.645022746000045)
311,POST,2018,21-Oct-18,109,"ASSAULT 2,1,UNCLASSIFIED",106,FELONY ASSAULT,PL 120003H,F,S,120,45-64,M,WHITE,40.62693778,-74.11589765,POINT (-74.11589765399998 40.62693778400006)
312,POST,2018,5-Dec-18,109,"ASSAULT 2,1,UNCLASSIFIED",106,FELONY ASSAULT,PL 120001H,F,S,120,<18,M,BLACK,40.63400869,-74.09782703,POINT (-74.09782703299999 40.63400869400005)
313,POST,2018,15-Dec-18,109,"ASSAULT 2,1,UNCLASSIFIED",106,FELONY ASSAULT,PL 120052H,F,S,122,18-24,F,WHITE HISPANIC,40.57414013,-74.10600777,POINT (-74.10600776499997 40.57414012800007)
314,POST,2018,26-Dec-18,397,"ROBBERY,UNCLASSIFIED,OPEN AREAS",105,ROBBERY,PL 160050H,F,S,120,25-44,M,WHITE,40.61903772,-74.0687291,POINT (-74.06872910199996 40.61903771900006)
315,POST,2019,8-Feb-19,397,"ROBBERY,OPEN AREA UNCLASSIFIED",105,ROBBERY,PL 160050H,F,S,120,25-44,M,WHITE,40.64502275,-74.07721685,POINT (-74.07721684699999 40.64502274600005)
316,POST,2019,17-May-19,105,STRANGULATION 1ST,106,FELONY ASSAULT,PL 121120H,F,S,120,25-44,M,BLACK HISPANIC,40.64187903,-74.09661345,POINT (-74.09661344599994 40.64187902900005)
317,POST,2019,12-Sep-19,640,AGGRAVATED HARASSMENT 1,126,MISCELLANEOUS PENAL LAW,PL 240302H,F,S,120,45-64,M,WHITE,40.62674268,-74.1076584,POINT (-74.10765840399995 40.62674268000006)
318,POST,2019,2-Oct-19,269,"MISCHIEF,CRIMINAL,    UNCL 2ND",121,CRIMINAL MISCHIEF & RELATED OF,PL 145003H,F,S,121,25-44,F,WHITE,40.62322682,-74.14922697,POINT (-74.14922697299994 40.62322681900008)
319,POST,2019,2-Oct-19,640,AGGRAVATED HARASSMENT 1,126,MISCELLANEOUS PENAL LAW,PL 240302H,F,S,120,45-64,M,WHITE,40.64270648,-74.0767169,POINT (-74.07671690299999 40.64270648100006)
320,POST,2019,18-Nov-19,109,"ASSAULT 2,1,UNCLASSIFIED",106,FELONY ASSAULT,PL 120052H,F,S,121,25-44,M,BLACK,40.63898418,-74.1712523,POINT (-74.17125230499994 40.638984176000065)
321,POST,2020,7-Jan-20,269,"MISCHIEF,CRIMINAL,    UNCL 2ND",121,CRIMINAL MISCHIEF & RELATED OF,PL 145050H,F,S,120,25-44,M,WHITE HISPANIC,40.636525,-74.11623137,POINT (-74.11623137199997 40.63652500300003)
322,POST,2020,30-Apr-20,639,AGGRAVATED HARASSMENT 2,361,OFF. AGNST PUB ORD SENSBLTY &,PL 240250H,M,S,121,45-64,F,WHITE HISPANIC,40.63558689,-74.16510051,POINT (-74.16510050699996 40.635586887000045)
323,POST,2020,20-May-20,105,STRANGULATION 1ST,106,FELONY ASSAULT,PL 121120H,F,S,122,25-44,M,BLACK,40.56201074,-74.11187649,POINT (-74.11187649199996 40.56201074400008)
324,POST,2020,4-Jun-20,640,AGGRAVATED HARASSMENT 1,126,MISCELLANEOUS PENAL LAW,PL 240302H,F,S,120,45-64,M,WHITE,40.64502275,-74.07721685,POINT (-74.077216847 40.645022746000045)
325,POST,2020,6-Aug-20,639,AGGRAVATED HARASSMENT 2,361,OFF. AGNST PUB ORD SENSBLTY &,PL 240250H,M,S,120,65+,F,WHITE HISPANIC,40.60965921,-74.12887295,POINT (-74.12887294599993 40.60965920600006)
326,POST,2020,6-Aug-20,639,AGGRAVATED HARASSMENT 2,361,OFF. AGNST PUB ORD SENSBLTY &,PL 240250H,M,S,120,65+,F,WHITE HISPANIC,40.64502275,-74.07721685,POINT (-74.077216847 40.645022746000045)
327,POST,2020,6-Aug-20,639,AGGRAVATED HARASSMENT 2,361,OFF. AGNST PUB ORD SENSBLTY &,PL 240250H,M,S,120,65+,F,WHITE HISPANIC,40.60965921,-74.12887295,POINT (-74.12887294599993 40.60965920600006)
328,POST,2020,6-Aug-20,639,AGGRAVATED HARASSMENT 2,361,OFF. AGNST PUB ORD SENSBLTY &,PL 240250H,M,S,120,65+,F,WHITE HISPANIC,40.60965921,-74.12887295,POINT (-74.12887294599993 40.60965920600006)
329,POST,2020,6-Aug-20,639,AGGRAVATED HARASSMENT 2,361,OFF. AGNST PUB ORD SENSBLTY &,PL 240250H,M,S,120,65+,F,WHITE HISPANIC,40.60965921,-74.12887295,POINT (-74.12887294599993 40.60965920600006)
330,POST,2020,13-Aug-20,109,"ASSAULT 2,1,UNCLASSIFIED",106,FELONY ASSAULT,PL 120059H,F,S,120,25-44,M,BLACK HISPANIC,40.63935117,-74.08613535,POINT (-74.08613535099995 40.63935117200003)
331,POST,2020,2-Oct-20,109,"ASSAULT 2,1,UNCLASSIFIED",106,FELONY ASSAULT,PL 120002H,F,S,123,18-24,M,ASIAN / PACIFIC ISLANDER,40.51158634,-74.24930373,POINT (-74.24930372699998 40.51158633800003)
332,POST,2020,28-Nov-20,269,"MISCHIEF,CRIMINAL,    UNCL 2ND",121,CRIMINAL MISCHIEF & RELATED OF,PL 14500AH,F,S,120,25-44,F,WHITE,40.64502275,-74.07721685,POINT (-74.077216847 40.645022746000045)
333,POST,2020,3-Dec-20,112,MENACING 1ST DEGREE (VICT NOT,126,MISCELLANEOUS PENAL LAW,PL 120141H,F,S,120,18-24,M,BLACK,40.64502275,-74.07721685,POINT (-74.077216847 40.645022746000045)
334,POST,2021,3-Sep-21,109,"ASSAULT 2,1,UNCLASSIFIED",106,FELONY ASSAULT,PL 120002H,F,S,122,25-44,M,BLACK,40.58526606,-74.10159711,POINT (-74.10159710799998 40.58526606300006)
335,POST,2021,10-Aug-21,109,"ASSAULT 2,1,UNCLASSIFIED",106,FELONY ASSAULT,PL 120001H,F,S,121,25-44,M,BLACK,40.62322682,-74.14922697,POINT (-74.14922697299994 40.623226819000074)
336,POST,2021,6-Jun-21,109,"ASSAULT 2,1,UNCLASSIFIED",106,FELONY ASSAULT,PL 120052H,F,S,120,45-64,M,WHITE,40.61181316,-74.06444646,POINT (-74.06444645899995 40.61181315500005)
337,POST,2021,8-Apr-21,109,"ASSAULT 2,1,UNCLASSIFIED",106,FELONY ASSAULT,PL 120052H,F,S,122,45-64,M,WHITE,40.55191421,-74.15732258,POINT (-74.15732258099996 40.55191421400008)
338,POST,2021,27-Jan-21,109,"ASSAULT 2,1,UNCLASSIFIED",106,FELONY ASSAULT,PL 120051H,F,S,120,45-64,M,WHITE,40.60810041,-74.06755096,POINT (-74.06755095899997 40.60810040900003)
339,POST,2021,23-Jan-21,109,"ASSAULT 2,1,UNCLASSIFIED",106,FELONY ASSAULT,PL 120052H,F,S,122,45-64,F,BLACK HISPANIC,40.57962586,-74.10722606,POINT (-74.10722605899997 40.579625864000036)
340,POST,2021,22-Feb-21,112,MENACING 1ST DEGREE (VICT NOT,126,MISCELLANEOUS PENAL LAW,PL 120141H,F,S,120,18-24,M,BLACK,40.64502275,-74.07721685,POINT (-74.077216847 40.645022746000045)
341,POST,2021,24-Mar-21,269,"MISCHIEF,CRIMINAL,    UNCL 2ND",121,CRIMINAL MISCHIEF & RELATED OF,PL 145001H,F,S,120,45-64,M,WHITE,40.62949127,-74.11229584,POINT (-74.11229583999993 40.62949127100006)
342,POST,2021,24-Mar-21,269,"MISCHIEF,CRIMINAL,    UNCL 2ND",121,CRIMINAL MISCHIEF & RELATED OF,PL 145001H,F,S,120,45-64,M,WHITE,40.62949127,-74.11229584,POINT (-74.11229583999993 40.62949127100006)
343,POST,2021,24-Mar-21,269,"MISCHIEF,CRIMINAL,    UNCL 2ND",121,CRIMINAL MISCHIEF & RELATED OF,PL 145001H,F,S,120,45-64,M,WHITE,40.6297865,-74.11071477,POINT (-74.11071476799998 40.62978649600007)
344,POST,2021,24-Mar-21,269,"MISCHIEF,CRIMINAL,    UNCL 2ND",121,CRIMINAL MISCHIEF & RELATED OF,PL 145001H,F,S,120,45-64,M,WHITE,40.62949127,-74.11229584,POINT (-74.11229583999993 40.62949127100006)
345,POST,2021,24-Mar-21,269,"MISCHIEF,CRIMINAL,    UNCL 2ND",121,CRIMINAL MISCHIEF & RELATED OF,PL 145001H,F,S,120,45-64,M,WHITE,40.62949127,-74.11229584,POINT (-74.11229583999993 40.62949127100006)
346,POST,2021,24-Mar-21,269,"MISCHIEF,CRIMINAL,    UNCL 2ND",121,CRIMINAL MISCHIEF & RELATED OF,PL 145001H,F,S,120,45-64,M,WHITE,40.62949127,-74.11229584,POINT (-74.11229583999993 40.62949127100006)
347,POST,2021,24-Mar-21,269,"MISCHIEF,CRIMINAL,    UNCL 2ND",121,CRIMINAL MISCHIEF & RELATED OF,PL 145001H,F,S,120,45-64,M,WHITE,40.62949127,-74.11229584,POINT (-74.11229583999993 40.62949127100006)
348,POST,2021,14-Jan-21,269,"MISCHIEF,CRIMINAL,    UNCL 2ND",121,CRIMINAL MISCHIEF & RELATED OF,PL 145001H,F,S,120,18-24,M,BLACK HISPANIC,40.63063262,-74.11825304,POINT (-74.11825303599994 40.63063262000002)
